<?xml version="1.0" encoding="utf-8"?>
<extension version="3.0" type="plugin" group="content" method="upgrade">
	<name>PLG_CONTENT_ZMAXCDN_FIELD</name>
	<author>ZMAX团队</author>
	<creationDate>2015-12-26</creationDate>
	<copyright>南宁市程序人软件科技有限责任公司保留所有权利</copyright>
	<license>GNU General Public License version 2 or later; see LICENSE.txt</license>
	<authorEmail>zhang19min88@163.com</authorEmail>
	<authorUrl>www.zmax99.com</authorUrl>
	<version>1.0.1</version>
	<description>
		<![CDATA[			
			  <h2>该插件需要配合ZMAX媒体管理组件使用，本插件的功能就是让你文章编辑界面的所有系统自带的图片选择框自动使用ZMAX媒体管理器进行管理。</h2>
			 该扩展是ZMAX团队为配合<a href="http://www.joomlachina.cn" target="_blank" alt="JOOMLA中国">JOOMLA中国推广计划</a>而免费发布的一款扩展。解决了JOOMLA对于中文若干不适合的问题。如果你在使用该扩展中有任何的问题，请联系我们。
				我们的网址 <a href="http://www.zmax99.com" target="_blank">http://www.zmax99.com</a> 
			  <p class="text-success">
					我们每天都在进步，为Joomla中国崛起而努力!
			  </p>
			  <div class="pull-right">
				<div><a href="http://www.zmax99.com" title="ZMAX程序人" target="_blank"><img src="../media/zmaxcdn/images/zmax_logo.png" alt="ZMAX程序人LOGO" /></a></div>
				<h3>ZMAX程序人<small>中国专业的Joomla扩展开发团队！</small></h3>				
			 </div>
			]]>
	</description>	
	<files>
		<filename plugin="zmaxcdn_field">zmaxcdn_field.php</filename>		
		<filename>index.html</filename>
		<folder>language</folder>
	</files>
		
	<config>
		<fields name="params">
		</fields>
	</config>
</extension>

