<?xml version="1.0" encoding="utf-8"?>
<extension version="3.1" type="plugin" group="content" method="upgrade">
	<name>plg_content_zmaxdownload</name>
	<author>ZMAX团队</author>
	<creationDate>2017-02-15</creationDate>
	<copyright>南宁市程序人软件科技有限责任公司保留所有权利！</copyright>
	<license>GNU General Public License version 2 or later; see LICENSE.txt</license>
	<authorEmail>zhang19min88@163.com</authorEmail>
	<authorUrl>http://www.zmax99.com</authorUrl>
	<version>1.0.1</version>
	<description>本插件可以让你的在文章中实现下载文档的功能。支持各种文档类型(word ,excel,pdf)等等。操作十分简单，你需要在编辑器中插入你需要下载的资源即可。</description>
	<files>
		<filename plugin="zmaxdownload">zmaxdownload.php</filename>
		<folder>language</folder>
		<filename>index.html</filename>
	</files>
	<config>
		<fields name="params">
			<fieldset name="basic"
			>
				<field
					type="note"
					name="advance_note"
					label="高级功能"
					class="alert alert-info"
					description="以上设置需要在商业版本中有效"
					/>
				<field name="download_usergroup"
						type="usergroup"
						label="下载权限"
						description="只有在该组中的用户才具有下载权限"						
						default=""
				>					
				</field>
				<field name="count_time"
						type="radio"
						label="统计下载次数"
						description="是否启用统计下载次数的功能"						
						default="0"
						class="btn-group btn-group-yesno"
				>	
					<option value="1">是</option>
					<option value="0">否</option>
				</field>
			</fieldset>
		</fields>
	</config>
</extension>
