<?xml version="1.0" encoding="utf-8"?>
<extension type="component" version="3.0.0" method="upgrade">
        <name>COM_ZMAXCDN</name>        
        <creationDate>2015-12-25</creationDate>
        <author>ZMAX团队</author>
        <authorEmail>zhang19min88@163.com</authorEmail>
        <authorUrl>http://www.zmax99.com</authorUrl>
        <copyright>南宁市程序人软件科技有限责任科技有限责任公司保留所有权利！</copyright>
        <license>License GPL2.0 or more</license>
        <version>2.0.0</version>
        <description>ZMAX程序人团队为中国用户提供的JOOMLA媒体管理解决方案.ZMAXCDN 为你的JOOMLA网站加速。该插件让你能够方便的管理你的joomla网站上的静态资源。同时无缝的让你的joomla网站于七牛云存储挂接。
			Joomla用户可以方便的将自己的joomla网站上的图片视频登陆资源放到七牛服务器上，以便加速你的网站。
		</description>
		<!-- run install script-->
		<scriptfile>script.php</scriptfile>
		<install> <!--  run on install-->
			<sql>
				<file driver="mysql" charset="utf8">sql/install.mysql.utf8.sql</file>
			</sql>
		</install>
		
		<uninstall>
			<sql>
				<file driver="mysql" charset="utf8">sql/uninstall.mysql.utf8.sql</file>
			</sql>
		</uninstall>
		
		<update>
			<schemas>
				<schemapath type="mysql">sql/updates/mysql</schemapath>
			</schemas>
		</update>
		
		<files folder="site">
			<filename>index.html</filename>
			<filename>controller.php</filename>
			<filename>zmaxcdn.php</filename>
			<folder>controllers</folder>
			<folder>css</folder>
			<folder>helpers</folder>
			<folder>js</folder>
			<folder>language</folder>
			<folder>models</folder>
			<folder>views</folder>
		</files>
		<media destination="zmaxcdn" folder="media/zmaxcdn">
			<folder>images</folder>
			<folder>videos</folder>
			<folder>assets</folder>
			<filename>index.html</filename>
		</media>
 
        <administration>
				<!-- Administration Menu Section-->
		        <menu>COM_ZMAXCDN_MENU</menu>
				<!--  Administration Main File Copy Section -->
				<files folder="admin">
					<folder>controllers</folder>
					<folder>excels</folder>
					<folder>source</folder>
					<folder>helpers</folder>
					<folder>css</folder>
					<folder>images</folder>
					<folder>js</folder>
					<folder>language</folder>
					<folder>layouts</folder>
					<folder>libs</folder>
					<folder>extensions</folder>
					<folder>models</folder>
					<folder>sql</folder>
					<folder>tables</folder>
					<folder>views</folder>	
					<filename>access.xml</filename>
					<filename>config.xml</filename>
					<filename>controller.php</filename>
					<filename>index.html</filename>
					<filename>zmaxcdn.php</filename>
					<filename>zmax_define.php</filename>
				</files>
				
        </administration>
		<updateservers>
			<server type="extension" priority="1" name="ZMAX CDN组件" >http://www.zmax99.com/autoupdate/auto-update-com-zmaxcdn.xml</server>
		</updateservers>
</extension>