<?xml version="1.0" encoding="utf-8"?>
<extension version="3.0" type="plugin" group="zmaxcdn">
	<name>PLG_ZMAXCDN_ZMAXCDNADDON</name>
	<author>min.zhang</author>
	<creationDate>2016-07-16</creationDate>
	<copyright>南宁市程序人软件科技有限责任公司保留所有权利</copyright>
	<license>GNU General Public License version 2 or later; see LICENSE.txt</license>
	<authorEmail>zhang19min88@163.com</authorEmail>
	<authorUrl>http://www.zmax99.com</authorUrl>
	<version>0.0.2</version>
	<description>PLG_ZMAXCDN_ZMAXCDNADDON_DESC</description>
	<files>
		<filename plugin="zmaxcdnaddon">zmaxcdnaddon.php</filename>
		<folder>language</folder>
		<filename>index.html</filename>
	</files>
	<config>
		<fields name="params">
			<fieldset name="basic">
				<field name="returnUrl"
					   type="text"
					   label="跳转URL(以http://开头)"
					   description="当用户使用第三方账号成功注册后的跳转地址。"
						/>
			</fieldset>
		</fields>
		
	</config>
	<updateservers>
			<server type="extension" priority="1" name="ZMAXSHOP支持的插件" >http://www.zmax99.com/autoupdate/auto-update-plg-zmaxshopaddon.xml</server>
	</updateservers>
</extension>
