<?xml version="1.0" encoding="utf-8"?>
<extension version="3.1" type="plugin" group="content" method="upgrade">
	<name>plg_content_zmaxplayvideo</name>
	<author>ZMAX团队</author>
	<creationDate>2017-02-15</creationDate>
	<copyright>南宁市程序人软件科技有限责任公司保留所有权利！</copyright>
	<license>GNU General Public License version 2 or later; see LICENSE.txt</license>
	<authorEmail>zhang19min88@163.com</authorEmail>
	<authorUrl>http://www.zmax99.com</authorUrl>
	<version>1.0.1</version>
	<description>本插件可以让你的在文章中播放视频文件。操作十分简单，你需要在编辑器中插入你需要播放的视频即可。</description>
	<files>
		<filename plugin="zmaxplayvideo">zmaxplayvideo.php</filename>
		<folder>jwplayer</folder>
		<folder>language</folder>
		<filename>index.html</filename>
	</files>
	<config>
		<fields name="params">
			<fieldset name="player"
				label="播放器属性设置"
			>
				<field
					type="note"
					name="advance_note"
					label="高级功能"
					class="alert alert-info"
					description="以上设置需要在商业版本中有效"
					/>
				<field  name="player_logo"
						type="text"
						label="播放器logo"
						description="设置播放器的logo"						
						default=""
				/>					
				<field  name="player_name"
						type="text"
						label="播放器名称"
						description="设置播放器的名称"						
						default="ZMAX团队"
				/>	
				<field  name="player_link"
						type="text"
						label="播放器名称"
						description="设置播放器的名称"						
						default="http://www.zmax99.com"
				/>					
				
				<field name="count_time"
						type="radio"
						label="统计下载次数"
						description="是否启用统计下载次数的功能"						
						default="0"
						class="btn-group btn-group-yesno"
				>	
					<option value="1">是</option>
					<option value="0">否</option>
				</field>
			</fieldset>
			<fieldset name="play"
				label="播放页面设置"
			>
				<field  name="player_width"
						type="text"
						label="播放器宽度"
						description="设置播放器的宽度,如果不填，系统将自动觉得"						
						default=""
				/>		
				<field  name="player_height"
						type="text"
						label="播放器的高度"
						description="设置播放器的高度,如果不填，系统将自动觉得"						
						default=""
				/>
				<field  name="player_rate"
						type="text"
						label="播放器宽高比"
						description="设置播放器的宽高比。默认16:9"						
						default="16:9"
				/>							
				<field name="visit_time"
						type="text"
						label="游客观看最大时常"
						description="当游客观看视频时，超过该时间，将会提示游客登陆才能继续观看，不填表示无限时长"						
						default=""
				/>	
				<field name="visit_msg"
						type="textarea"
						label="游客提示信息"
						description="当游客超过最大时常时的提示信息"						
						default="请登陆后继续观看"
				/>
				<field name="default_image"
						type="media"
						label="默认视频封面"
						description="当视频没有设置封面的时候，系统将会使用该图片作为视频封面"						
						default=""
				/>				
				
			</fieldset>
		</fields>
	</config>
</extension>
